0,AE000658|TRAV1-1*01|Homo sapiens|F|V-REGION|128090..128364|275 nt|1| | | | |275+0=275| | |,GGACAAAGCCTTGAGCAGCCCTCTGAAGTGACAGCTGTGGAAGGAGCCATTGTCCAGATAAACTGCACGTACCAGACATCTGGGTTTTATGGGCTGTCCTGGTACCAGCAACATGATGGCGGAGCACCCACATTTCTTTCTTACAATGCTCTGGATGGTTTGGAGGAGACAGGTCGTTTTTCTTCATTCCTTAGTCGCTCTGATAGTTATGGTTACCTCCTTCTACAGGAGCTCCAGATGAAAGACTCTGCCTCTTACTTCTGCGCTGTGAGAGA
1,AE000658|TRAV1-2*01|Homo sapiens|F|V-REGION|149176..149450|275 nt|1| | | | |275+0=275| | |,GGACAAAACATTGACCAGCCCACTGAGATGACAGCTACGGAAGGTGCCATTGTCCAGATCAACTGCACGTACCAGACATCTGGGTTCAACGGGCTGTTCTGGTACCAGCAACATGCTGGCGAAGCACCCACATTTCTGTCTTACAATGTTCTGGATGGTTTGGAGGAGAAAGGTCGTTTTTCTTCATTCCTTAGTCGGTCTAAAGGGTACAGTTACCTCCTTTTGAAGGAGCTCCAGATGAAAGACTCTGCCTCTTACCTCTGTGCTGTGAGAGA
2,AE000659|TRAV10*01|Homo sapiens|F|V-REGION|81133..81412|280 nt|1| | | | |280+0=280| | |,AAAAACCAAGTGGAGCAGAGTCCTCAGTCCCTGATCATCCTGGAGGGAAAGAACTGCACTCTTCAATGCAATTATACAGTGAGCCCCTTCAGCAACTTAAGGTGGTATAAGCAAGATACTGGGAGAGGTCCTGTTTCCCTGACAATCATGACTTTCAGTGAGAACACAAAGTCGAACGGAAGATATACAGCAACTCTGGATGCAGACACAAAGCAAAGCTCTCTGCACATCACAGCCTCCCAGCTCAGCGATTCAGCCTCCTACATCTGTGTGGTGAGCG
3,AE000659|TRAV12-1*01|Homo sapiens|F|V-REGION|96856..97129|274 nt|1| | | | |274+0=274| | |,CGGAAGGAGGTGGAGCAGGATCCTGGACCCTTCAATGTTCCAGAGGGAGCCACTGTCGCTTTCAACTGTACTTACAGCAACAGTGCTTCTCAGTCTTTCTTCTGGTACAGACAGGATTGCAGGAAAGAACCTAAGTTGCTGATGTCCGTATACTCCAGTGGTAATGAAGATGGAAGGTTTACAGCACAGCTCAATAGAGCCAGCCAGTATATTTCCCTGCTCATCAGAGACTCCAAGCTCAGTGATTCAGCCACCTACCTCTGTGTGGTGAACA
4,AE000659|TRAV12-2*01|Homo sapiens|F|V-REGION|143579..143855|277 nt|1| | | | |277+0=277| | |,CAGAAGGAGGTGGAGCAGAATTCTGGACCCCTCAGTGTTCCAGAGGGAGCCATTGCCTCTCTCAACTGCACTTACAGTGACCGAGGTTCCCAGTCCTTCTTCTGGTACAGACAATATTCTGGGAAAAGCCCTGAGTTGATAATGTTCATATACTCCAATGGTGACAAAGAAGATGGAAGGTTTACAGCACAGCTCAATAAAGCCAGCCAGTATGTTTCTCTGCTCATCAGAGACTCCCAGCCCAGTGATTCAGCCACCTACCTCTGTGCCGTGAACA
5,AE000659|TRAV12-3*01|Homo sapiens|F|V-REGION|221187..221463|277 nt|1| | | | |277+0=277| | |,CAGAAGGAGGTGGAGCAGGATCCTGGACCACTCAGTGTTCCAGAGGGAGCCATTGTTTCTCTCAACTGCACTTACAGCAACAGTGCTTTTCAATACTTCATGTGGTACAGACAGTATTCCAGAAAAGGCCCTGAGTTGCTGATGTACACATACTCCAGTGGTAACAAAGAAGATGGAAGGTTTACAGCACAGGTCGATAAATCCAGCAAGTATATCTCCTTGTTCATCAGAGACTCACAGCCCAGTGATTCAGCCACCTACCTCTGTGCAATGAGCG
6,AE000659|TRAV13-1*01|Homo sapiens|F|V-REGION|124440..124719|280 nt|1| | | | |280+0=280| | |,GGAGAGAATGTGGAGCAGCATCCTTCAACCCTGAGTGTCCAGGAGGGAGACAGCGCTGTTATCAAGTGTACTTATTCAGACAGTGCCTCAAACTACTTCCCTTGGTATAAGCAAGAACTTGGAAAAGGACCTCAGCTTATTATAGACATTCGTTCAAATGTGGGCGAAAAGAAAGACCAACGAATTGCTGTTACATTGAACAAGACAGCCAAACATTTCTCCCTGCACATCACAGAGACCCAACCTGAAGACTCGGCTGTCTACTTCTGTGCAGCAAGTA
7,AE000659|TRAV13-2*01|Homo sapiens|F|V-REGION|173825..174104|280 nt|1| | | | |280+0=280| | |,GGAGAGAGTGTGGGGCTGCATCTTCCTACCCTGAGTGTCCAGGAGGGTGACAACTCTATTATCAACTGTGCTTATTCAAACAGCGCCTCAGACTACTTCATTTGGTACAAGCAAGAATCTGGAAAAGGTCCTCAATTCATTATAGACATTCGTTCAAATATGGACAAAAGGCAAGGCCAAAGAGTCACCGTTTTATTGAATAAGACAGTGAAACATCTCTCTCTGCAAATTGCAGCTACTCAACCTGGAGACTCAGCTGTCTACTTTTGTGCAGAGAATA
8,M21626|TRAV14/DV4*01|Homo sapiens|F|V-REGION|226..515|290 nt|1| | | | |290+0=290| | |,GCCCAGAAGATAACTCAAACCCAACCAGGAATGTTCGTGCAGGAAAAGGAGGCTGTGACTCTGGACTGCACATATGACACCAGTGATCCAAGTTATGGTCTATTCTGGTACAAGCAGCCCAGCAGTGGGGAAATGATTTTTCTTATTTATCAGGGGTCTTATGACCAGCAAAATGCAACAGAAGGTCGCTACTCATTGAATTTCCAGAAGGCAAGAAAATCCGCCAACCTTGTCATCTCCGCTTCACAACTGGGGGACTCAGCAATGTACTTCTGTGCAATGAGAGAGGG
9,AE000659|TRAV16*01|Homo sapiens|F|V-REGION|246079..246350|272 nt|1| | | | |272+0=272| | |,GCCCAGAGAGTGACTCAGCCCGAGAAGCTCCTCTCTGTCTTTAAAGGGGCCCCAGTGGAGCTGAAGTGCAACTATTCCTATTCTGGGAGTCCTGAACTCTTCTGGTATGTCCAGTACTCCAGACAACGCCTCCAGTTACTCTTGAGACACATCTCTAGAGAGAGCATCAAAGGCTTCACTGCTGACCTTAACAAAGGCGAGACATCTTTCCACCTGAAGAAACCATTTGCTCAAGAGGAAGACTCAGCCATGTATTACTGTGCTCTAAGTGG
10,AE000660|TRAV17*01|Homo sapiens|F|V-REGION|2163..2439|277 nt|1| | | | |277+0=277| | |,AGTCAACAGGGAGAAGAGGATCCTCAGGCCTTGAGCATCCAGGAGGGTGAAAATGCCACCATGAACTGCAGTTACAAAACTAGTATAAACAATTTACAGTGGTATAGACAAAATTCAGGTAGAGGCCTTGTCCACCTAATTTTAATACGTTCAAATGAAAGAGAGAAACACAGTGGAAGATTAAGAGTCACGCTTGACACTTCCAAGAAAAGCAGTTCCTTGTTGATCACGGCTTCCCGGGCAGCAGACACTGCTTCTTACTTCTGTGCTACGGACG
11,AE000660|TRAV18*01|Homo sapiens|F|V-REGION|7667..7944|278 nt|1| | | | |278+0=278| | |,GGAGACTCGGTTACCCAGACAGAAGGCCCAGTTACCCTCCCTGAGAGGGCAGCTCTGACATTAAACTGCACTTATCAGTCCAGCTATTCAACTTTTCTATTCTGGTATGTCCAGTATCTAAACAAAGAGCCTGAGCTCCTCCTGAAAAGTTCAGAAAACCAGGAGACGGACAGCAGAGGTTTTCAGGCCAGTCCTATCAAGAGTGACAGTTCCTTCCACCTGGAGAAGCCCTCGGTGCAGCTGTCGGACTCTGCCGTGTACTACTGCGCTCTGAGAGA
12,AE000660|TRAV19*01|Homo sapiens|F|V-REGION|12163..12452|290 nt|1| | | | |290+0=290| | |,GCTCAGAAGGTAACTCAAGCGCAGACTGAAATTTCTGTGGTGGAGAAGGAGGATGTGACCTTGGACTGTGTGTATGAAACCCGTGATACTACTTATTACTTATTCTGGTACAAGCAACCACCAAGTGGAGAATTGGTTTTCCTTATTCGTCGGAACTCTTTTGATGAGCAAAATGAAATAAGTGGTCGGTATTCTTGGAACTTCCAGAAATCCACCAGTTCCTTCAACTTCACCATCACAGCCTCACAAGTCGTGGACTCAGCAGTATACTTCTGTGCTCTGAGTGAGGC
13,AE000658|TRAV2*01|Homo sapiens|F|V-REGION|218448..218710|263 nt|1| | | | |263+0=263| | |,AAGGACCAAGTGTTTCAGCCTTCCACAGTGGCATCTTCAGAGGGAGCTGTGGTGGAAATCTTCTGTAATCACTCTGTGTCCAATGCTTACAACTTCTTCTGGTACCTTCACTTCCCGGGATGTGCACCAAGACTCCTTGTTAAAGGCTCAAAGCCTTCTCAGCAGGGACGATACAACATGACCTATGAACGGTTCTCTTCATCGCTGCTCATCCTCCAGGTGCGGGAGGCAGATGCTGCTGTTTACTACTGTGCTGTGGAGGA
14,AE000660|TRAV20*01|Homo sapiens|F|V-REGION|45158..45431|274 nt|1| | | | |274+0=274| | |,GAAGACCAGGTGACGCAGAGTCCCGAGGCCCTGAGACTCCAGGAGGGAGAGAGTAGCAGTCTTAACTGCAGTTACACAGTCAGCGGTTTAAGAGGGCTGTTCTGGTATAGGCAAGATCCTGGGAAAGGCCCTGAATTCCTCTTCACCCTGTATTCAGCTGGGGAAGAAAAGGAGAAAGAAAGGCTAAAAGCCACATTAACAAAGAAGGAAAGCTTTCTGCACATCACAGCCCCTAAACCTGAAGACTCAGCCACTTATCTCTGTGCTGTGCAGG
15,AE000660|TRAV21*01|Homo sapiens|F|V-REGION|57069..57347|279 nt|1| | | | |279+0=279| | |,AAACAGGAGGTGACGCAGATTCCTGCAGCTCTGAGTGTCCCAGAAGGAGAAAACTTGGTTCTCAACTGCAGTTTCACTGATAGCGCTATTTACAACCTCCAGTGGTTTAGGCAGGACCCTGGGAAAGGTCTCACATCTCTGTTGCTTATTCAGTCAAGTCAGAGAGAGCAAACAAGTGGAAGACTTAATGCCTCGCTGGATAAATCATCAGGACGTAGTACTTTATACATTGCAGCTTCTCAGCCTGGTGACTCAGCCACCTACCTCTGTGCTGTGAGG
16,AE000660|TRAV22*01|Homo sapiens|F|V-REGION|75233..75503|271 nt|1| | | | |271+0=271| | |,GGAATACAAGTGGAGCAGAGTCCTCCAGACCTGATTCTCCAGGAGGGAGCCAATTCCACGCTGCGGTGCAATTTTTCTGACTCTGTGAACAATTTGCAGTGGTTTCATCAAAACCCTTGGGGACAGCTCATCAACCTGTTTTACATTCCCTCAGGGACAAAACAGAATGGAAGATTAAGCGCCACGACTGTCGCTACGGAACGCTACAGCTTATTGTACATTTCCTCTTCCCAGACCACAGACTCAGGCGTTTATTTCTGTGCTGTGGAGC
17,AE000660|TRAV23/DV6*01|Homo sapiens|F|V-REGION|90967..91270|304 nt|1| | | | |304+0=304| | |,GGCCAACAGAAGGAGAAAAGTGACCAGCAGCAGGTGAAACAAAGTCCTCAATCTTTGATAGTCCAGAAAGGAGGGATTTCAATTATAAACTGTGCTTATGAGAACACTGCGTTTGACTACTTTCCATGGTACCAACAATTCCCTGGGAAAGGCCCTGCATTATTGATAGCCATACGTCCAGATGTGAGTGAAAAGAAAGAAGGAAGATTCACAATCTCCTTCAATAAAAGTGCCAAGCAGTTCTCATTGCATATCATGGATTCCCAGCCTGGAGACTCAGCCACCTACTTCTGTGCAGCAAGCA
18,AE000660|TRAV24*01|Homo sapiens|F|V-REGION|109879..110155|277 nt|1| | | | |277+0=277| | |,ATACTGAACGTGGAACAAAGTCCTCAGTCACTGCATGTTCAGGAGGGAGACAGCACCAATTTCACCTGCAGCTTCCCTTCCAGCAATTTTTATGCCTTACACTGGTACAGATGGGAAACTGCAAAAAGCCCCGAGGCCTTGTTTGTAATGACTTTAAATGGGGATGAAAAGAAGAAAGGACGAATAAGTGCCACTCTTAATACCAAGGAGGGTTACAGCTATTTGTACATCAAAGGATCCCAGCCTGAAGACTCAGCCACATACCTCTGTGCCTTTA
19,AE000660|TRAV25*01|Homo sapiens|F|V-REGION|116744..117016|273 nt|1| | | | |273+0=273| | |,GGACAACAGGTAATGCAAATTCCTCAGTACCAGCATGTACAAGAAGGAGAGGACTTCACCACGTACTGCAATTCCTCAACTACTTTAAGCAATATACAGTGGTATAAGCAAAGGCCTGGTGGACATCCCGTTTTTTTGATACAGTTAGTGAAGAGTGGAGAAGTGAAGAAGCAGAAAAGACTGACATTTCAGTTTGGAGAAGCAAAAAAGAACAGCTCCCTGCACATCACAGCCACCCAGACTACAGATGTAGGAACCTACTTCTGTGCAGGG
20,AE000660|TRAV26-1*01|Homo sapiens|F|V-REGION|127999..128275|277 nt|1| | | | |277+0=277| | |,GATGCTAAGACCACCCAGCCCCCCTCCATGGATTGCGCTGAAGGAAGAGCTGCAAACCTGCCTTGTAATCACTCTACCATCAGTGGAAATGAGTATGTGTATTGGTATCGACAGATTCACTCCCAGGGGCCACAGTATATCATTCATGGTCTAAAAAACAATGAAACCAATGAAATGGCCTCTCTGATCATCACAGAAGACAGAAAGTCCAGCACCTTGATCCTGCCCCACGCTACGCTGAGAGACACTGCTGTGTACTATTGCATCGTCAGAGTCG
21,AE000660|TRAV26-2*01|Homo sapiens|F|V-REGION|207019..207294|276 nt|1| | | | |276+0=276| | |,GATGCTAAGACCACACAGCCAAATTCAATGGAGAGTAACGAAGAAGAGCCTGTTCACTTGCCTTGTAACCACTCCACAATCAGTGGAACTGATTACATACATTGGTATCGACAGCTTCCCTCCCAGGGTCCAGAGTACGTGATTCATGGTCTTACAAGCAATGTGAACAACAGAATGGCCTCTCTGGCAATCGCTGAAGACAGAAAGTCCAGTACCTTGATCCTGCACCGTGCTACCTTGAGAGATGCTGCTGTGTACTACTGCATCCTGAGAGAC
22,AE000660|TRAV27*01|Homo sapiens|F|V-REGION|152346..152619|274 nt|1| | | | |274+0=274| | |,ACCCAGCTGCTGGAGCAGAGCCCTCAGTTTCTAAGCATCCAAGAGGGAGAAAATCTCACTGTGTACTGCAACTCCTCAAGTGTTTTTTCCAGCTTACAATGGTACAGACAGGAGCCTGGGGAAGGTCCTGTCCTCCTGGTGACAGTAGTTACGGGTGGAGAAGTGAAGAAGCTGAAGAGACTAACCTTTCAGTTTGGTGATGCAAGAAAGGACAGTTCTCTCCACATCACTGCAGCCCAGCCTGGTGATACAGGCCTCTACCTCTGTGCAGGAG
23,AE000660|TRAV29/DV5*01|Homo sapiens|F|V-REGION|167501..167798|298 nt|1| | | | |298+0=298| | |,AGTCAACAGAAGAATGATGACCAGCAAGTTAAGCAAAATTCACCATCCCTGAGCGTCCAGGAAGGAAGAATTTCTATTCTGAACTGTGACTATACTAACAGCATGTTTGATTATTTCCTATGGTACAAAAAATACCCTGCTGAAGGTCCTACATTCCTGATATCTATAAGTTCCATTAAGGATAAAAATGAAGATGGAAGATTCACTGTCTTCTTAAACAAAAGTGCCAAGCACCTCTCTCTGCACATTGTGCCCTCCCAGCCTGGAGACTCTGCAGTGTACTTCTGTGCAGCAAGCG
24,AE000658|TRAV3*01|Homo sapiens|F|V-REGION|229927..230212|286 nt|1| | | | |286+0=286| | |,GCTCAGTCAGTGGCTCAGCCGGAAGATCAGGTCAACGTTGCTGAAGGGAATCCTCTGACTGTGAAATGCACCTATTCAGTCTCTGGAAACCCTTATCTTTTTTGGTATGTTCAATACCCCAACCGAGGCCTCCAGTTCCTTCTGAAATACATCACAGGGGATAACCTGGTTAAAGGCAGCTATGGCTTTGAAGCTGAATTTAACAAGAGCCAAACCTCCTTCCACCTGAAGAAACCATCTGCCCTTGTGAGCGACTCCGCTTTGTACTTCTGTGCTGTGAGAGACA
25,AE000660|TRAV30*01|Homo sapiens|F|V-REGION|172643..172916|274 nt|1| | | | |274+0=274| | |,CAACAACCAGTGCAGAGTCCTCAAGCCGTGATCCTCCGAGAAGGGGAAGATGCTGTCATCAACTGCAGTTCCTCCAAGGCTTTATATTCTGTACACTGGTACAGGCAGAAGCATGGTGAAGCACCCGTCTTCCTGATGATATTACTGAAGGGTGGAGAACAGAAGGGTCATGAAAAAATATCTGCTTCATTTAATGAAAAAAAGCAGCAAAGCTCCCTGTACCTTACGGCCTCCCAGCTCAGTTACTCAGGAACCTACTTCTGCGGCACAGAGA
26,AE000660|TRAV34*01|Homo sapiens|F|V-REGION|211781..212057|277 nt|1| | | | |277+0=277| | |,AGCCAAGAACTGGAGCAGAGTCCTCAGTCCTTGATCGTCCAAGAGGGAAAGAATCTCACCATAAACTGCACGTCATCAAAGACGTTATATGGCTTATACTGGTATAAGCAAAAGTATGGTGAAGGTCTTATCTTCTTGATGATGCTACAGAAAGGTGGGGAAGAGAAAAGTCATGAAAAGATAACTGCCAAGTTGGATGAGAAAAAGCAGCAAAGTTCCCTGCATATCACAGCCTCCCAGCCCAGCCATGCAGGCATCTACCTCTGTGGAGCAGACA
27,AE000660|TRAV35*01|Homo sapiens|F|V-REGION|226128..226403|276 nt|1| | | | |276+0=276| | |,GGTCAACAGCTGAATCAGAGTCCTCAATCTATGTTTATCCAGGAAGGAGAAGATGTCTCCATGAACTGCACTTCTTCAAGCATATTTAACACCTGGCTATGGTACAAGCAGGAACCTGGGGAAGGTCCTGTCCTCTTGATAGCCTTATATAAGGCTGGTGAATTGACCTCAAATGGAAGACTGACTGCTCAGTTTGGTATAACCAGAAAGGACAGCTTCCTGAATATCTCAGCATCCATACCTAGTGATGTAGGCATCTACTTCTGTGCTGGGCAG
28,AE000660|TRAV36/DV7*01|Homo sapiens|F|V-REGION|230905..231181|277 nt|1| | | | |277+0=277| | |,GAAGACAAGGTGGTACAAAGCCCTCTATCTCTGGTTGTCCACGAGGGAGACACCGTAACTCTCAATTGCAGTTATGAAGTGACTAACTTTCGAAGCCTACTATGGTACAAGCAGGAAAAGAAAGCTCCCACATTTCTATTTATGCTAACTTCAAGTGGAATTGAAAAGAAGTCAGGAAGACTAAGTAGCATATTAGATAAGAAAGAACTTTCCAGCATCCTGAACATCACAGCCACCCAGACCGGAGACTCGGCCATCTACCTCTGTGCTGTGGAGG
29,AE000661|TRAV38-1*01|Homo sapiens|F|V-REGION|25123..25412|290 nt|1| | | | |290+0=290| | |,GCCCAGACAGTCACTCAGTCTCAACCAGAGATGTCTGTGCAGGAGGCAGAGACTGTGACCCTGAGTTGCACATATGACACCAGTGAGAATAATTATTATTTGTTCTGGTACAAGCAGCCTCCCAGCAGGCAGATGATTCTCGTTATTCGCCAAGAAGCTTATAAGCAACAGAATGCAACGGAGAATCGTTTCTCTGTGAACTTCCAGAAAGCAGCCAAATCCTTCAGTCTCAAGATCTCAGACTCACAGCTGGGGGACACTGCGATGTATTTCTGTGCTTTCATGAAGCA
30,AE000661|TRAV38-2/DV8*01|Homo sapiens|F|V-REGION|34309..34597|289 nt|1| | | | |289+0=289| | |,GCTCAGACAGTCACTCAGTCTCAACCAGAGATGTCTGTGCAGGAGGCAGAGACCGTGACCCTGAGCTGCACATATGACACCAGTGAGAGTGATTATTATTTATTCTGGTACAAGCAGCCTCCCAGCAGGCAGATGATTCTCGTTATTCGCCAAGAAGCTTATAAGCAACAGAATGCAACAGAGAATCGTTTCTCTGTGAACTTCCAGAAAGCAGCCAAATCCTTCAGTCTCAAGATCTCAGACTCACAGCTGGGGGATGCCGCGATGTATTTCTGTGCTTATAGGAGCG
31,AE000661|TRAV39*01|Homo sapiens|F|V-REGION|57128..57404|277 nt|1| | | | |277+0=277| | |,GAGCTGAAAGTGGAACAAAACCCTCTGTTCCTGAGCATGCAGGAGGGAAAAAACTATACCATCTACTGCAATTATTCAACCACTTCAGACAGACTGTATTGGTACAGGCAGGATCCTGGGAAAAGTCTGGAATCTCTGTTTGTGTTGCTATCAAATGGAGCAGTGAAGCAGGAGGGACGATTAATGGCCTCACTTGATACCAAAGCCCGTCTCAGCACCCTCCACATCACAGCTGCCGTGCATGACCTCTCTGCCACCTACTTCTGTGCCGTGGACA
32,AE000658|TRAV4*01|Homo sapiens|F|V-REGION|242632..242908|277 nt|1| | | | |277+0=277| | |,CTTGCTAAGACCACCCAGCCCATCTCCATGGACTCATATGAAGGACAAGAAGTGAACATAACCTGTAGCCACAACAACATTGCTACAAATGATTATATCACGTGGTACCAACAGTTTCCCAGCCAAGGACCACGATTTATTATTCAAGGATACAAGACAAAAGTTACAAACGAAGTGGCCTCCCTGTTTATCCCTGCCGACAGAAAGTCCAGCACTCTGAGCCTGCCCCGGGTTTCCCTGAGCGACACTGCTGTGTACTACTGCCTCGTGGGTGACA
33,X73521|TRAV40*01|Homo sapiens|F|V-REGION|237..499|263 nt|1| | | | |263+0=263| | |,AGCAATTCAGTCAAGCAGACGGGCCAAATAACCGTCTCGGAGGGAGCATCTGTGACTATGAACTGCACATACACATCCACGGGGTACCCTACCCTTTTCTGGTATGTGGAATACCCCAGCAAACCTCTGCAGCTTCTTCAGAGAGAGACAATGGAAAACAGCAAAAACTTCGGAGGCGGAAATATTAAAGACAAAAACTCCCCCATTGTGAAATATTCAGTCCAGGTATCAGACTCAGCCGTGTACTACTGTCTTCTGGGAGA
34,AE000661|TRAV41*01|Homo sapiens|F|V-REGION|73820..74089|270 nt|1| | | | |270+0=270| | |,AAAAATGAAGTGGAGCAGAGTCCTCAGAACCTGACTGCCCAGGAAGGAGAATTTATCACAATCAACTGCAGTTACTCGGTAGGAATAAGTGCCTTACACTGGCTGCAACAGCATCCAGGAGGAGGCATTGTTTCCTTGTTTATGCTGAGCTCAGGGAAGAAGAAGCATGGAAGATTAATTGCCACAATAAACATACAGGAAAAGCACAGCTCCCTGCACATCACAGCCTCCCATCCCAGAGACTCTGCCGTCTACATCTGTGCTGTCAGA
35,AE000659|TRAV5*01|Homo sapiens|F|V-REGION|4886..5162|277 nt|1| | | | |277+0=277| | |,GGAGAGGATGTGGAGCAGAGTCTTTTCCTGAGTGTCCGAGAGGGAGACAGCTCCGTTATAAACTGCACTTACACAGACAGCTCCTCCACCTACTTATACTGGTATAAGCAAGAACCTGGAGCAGGTCTCCAGTTGCTGACGTATATTTTTTCAAATATGGACATGAAACAAGACCAAAGACTCACTGTTCTATTGAATAAAAAGGATAAACATCTGTCTCTGCGCATTGCAGACACCCAGACTGGGGACTCAGCTATCTACTTCTGTGCAGAGAGTA
36,AE000659|TRAV6*01|Homo sapiens|F|V-REGION|24214..24493|280 nt|1| | | | |280+0=280| | |,AGCCAAAAGATAGAACAGAATTCCGAGGCCCTGAACATTCAGGAGGGTAAAACGGCCACCCTGACCTGCAACTATACAAACTATTCCCCAGCATACTTACAGTGGTACCGACAAGATCCAGGAAGAGGCCCTGTTTTCTTGCTACTCATACGTGAAAATGAGAAAGAAAAAAGGAAAGAAAGACTGAAGGTCACCTTTGATACCACCCTTAAACAGAGTTTGTTTCATATCACAGCCTCCCAGCCTGCAGACTCAGCTACCTACCTCTGTGCTCTAGACA
37,AE000659|TRAV7*01|Homo sapiens|F|V-REGION|38620..38893|274 nt|1| | | | |274+0=274| | |,GAAAACCAGGTGGAGCACAGCCCTCATTTTCTGGGACCCCAGCAGGGAGACGTTGCCTCCATGAGCTGCACGTACTCTGTCAGTCGTTTTAACAATTTGCAGTGGTACAGGCAAAATACAGGGATGGGTCCCAAACACCTATTATCCATGTATTCAGCTGGATATGAGAAGCAGAAAGGAAGACTAAATGCTACATTACTGAAGAATGGAAGCAGCTTGTACATTACAGCCGTGCAGCCTGAAGATTCAGCCACCTATTTCTGTGCTGTAGATG
38,AE000659|TRAV8-1*01|Homo sapiens|F|V-REGION|52948..53231|284 nt|1| | | | |284+0=284| | |,GCCCAGTCTGTGAGCCAGCATAACCACCACGTAATTCTCTCTGAAGCAGCCTCACTGGAGTTGGGATGCAACTATTCCTATGGTGGAACTGTTAATCTCTTCTGGTATGTCCAGTACCCTGGTCAACACCTTCAGCTTCTCCTCAAGTACTTTTCAGGGGATCCACTGGTTAAAGGCATCAAGGGCTTTGAGGCTGAATTTATAAAGAGTAAATTCTCCTTTAATCTGAGGAAACCCTCTGTGCAGTGGAGTGACACAGCTGAGTACTTCTGTGCCGTGAATGC
39,AE000659|TRAV8-2*01|Homo sapiens|F|V-REGION|102293..102576|284 nt|1| | | | |284+0=284| | |,GCCCAGTCGGTGACCCAGCTTGACAGCCACGTCTCTGTCTCTGAAGGAACCCCGGTGCTGCTGAGGTGCAACTACTCATCTTCTTATTCACCATCTCTCTTCTGGTATGTGCAACACCCCAACAAAGGACTCCAGCTTCTCCTGAAGTACACATCAGCGGCCACCCTGGTTAAAGGCATCAACGGTTTTGAGGCTGAATTTAAGAAGAGTGAAACCTCCTTCCACCTGACGAAACCCTCAGCCCATATGAGCGACGCGGCTGAGTACTTCTGTGTTGTGAGTGA
40,AE000659|TRAV8-3*01|Homo sapiens|F|V-REGION|108073..108356|284 nt|1| | | | |284+0=284| | |,GCCCAGTCAGTGACCCAGCCTGACATCCACATCACTGTCTCTGAAGGAGCCTCACTGGAGTTGAGATGTAACTATTCCTATGGGGCAACACCTTATCTCTTCTGGTATGTCCAGTCCCCCGGCCAAGGCCTCCAGCTGCTCCTGAAGTACTTTTCAGGAGACACTCTGGTTCAAGGCATTAAAGGCTTTGAGGCTGAATTTAAGAGGAGTCAATCTTCCTTCAATCTGAGGAAACCCTCTGTGCATTGGAGTGATGCTGCTGAGTACTTCTGTGCTGTGGGTGC
41,X02850|TRAV8-6*01|Homo sapiens|F|V-REGION|202..485|284 nt|1| | | | |284+0=284| | |,GCCCAGTCTGTGACCCAGCTTGACAGCCAAGTCCCTGTCTTTGAAGAAGCCCCTGTGGAGCTGAGGTGCAACTACTCATCGTCTGTTTCAGTGTATCTCTTCTGGTATGTGCAATACCCCAACCAAGGACTCCAGCTTCTCCTGAAGTATTTATCAGGATCCACCCTGGTTGAAAGCATCAACGGTTTTGAGGCTGAATTTAACAAGAGTCAAACTTCCTTCCACTTGAGGAAACCCTCAGTCCATATAAGCGACACGGCTGAGTACTTCTGTGCTGTGAGTGA
42,AE000659|TRAV9-1*01|Homo sapiens|F|V-REGION|67042..67322|281 nt|1| | | | |281+0=281| | |,GGAGATTCAGTGGTCCAGACAGAAGGCCAAGTGCTCCCCTCTGAAGGGGATTCCCTGATTGTGAACTGCTCCTATGAAACCACACAGTACCCTTCCCTTTTTTGGTATGTCCAATATCCTGGAGAAGGTCCACAGCTCCACCTGAAAGCCATGAAGGCCAATGACAAGGGAAGGAACAAAGGTTTTGAAGCCATGTACCGTAAAGAAACCACTTCTTTCCACTTGGAGAAAGACTCAGTTCAAGAGTCAGACTCCGCTGTGTACTTCTGTGCTCTGAGTGA
43,AE000659|TRAV9-2*01|Homo sapiens|F|V-REGION|196741..197021|281 nt|1| | | | |281+0=281| | |,GGAAATTCAGTGACCCAGATGGAAGGGCCAGTGACTCTCTCAGAAGAGGCCTTCCTGACTATAAACTGCACGTACACAGCCACAGGATACCCTTCCCTTTTCTGGTATGTCCAATATCCTGGAGAAGGTCTACAGCTCCTCCTGAAAGCCACGAAGGCTGATGACAAGGGAAGCAACAAAGGTTTTGAAGCCACATACCGTAAAGAAACCACTTCTTTCCACTTGGAGAAAGGCTCAGTTCAAGTGTCAGACTCAGCGGTGTACTTCTGTGCTCTGAGTGA
44,M22198|TRDV1*01|Homo sapiens|F|V-REGION|363..649|287 nt|1| | | | |287+0=287| | |,GCCCAGAAGGTTACTCAAGCCCAGTCATCAGTATCCATGCCAGTGAGGAAAGCAGTCACCCTGAACTGCCTGTATGAAACAAGTTGGTGGTCATATTATATTTTTTGGTACAAGCAACTTCCCAGCAAAGAGATGATTTTCCTTATTCGCCAGGGTTCTGATGAACAGAATGCAAAAAGTGGTCGCTATTCTGTCAACTTCAAGAAAGCAGCGAAATCCGTCGCCTTAACCATTTCAGCCTTACAGCTAGAAGATTCAGCAAAGTACTTTTGTGCTCTTGGGGAACT
45,X15207|TRDV2*01|Homo sapiens|F|V-REGION|208..495|288 nt|1| | | | |288+0=288| | |,GCCATTGAGTTGGTGCCTGAACACCAAACAGTGCCTGTGTCAATAGGGGTCCCTGCCACCCTCAGGTGCTCCATGAAAGGAGAAGCGATCGGTAACTACTATATCAACTGGTACAGGAAGACCCAAGGTAACACAATCACTTTCATATACCGAGAAAAGGACATCTATGGCCCTGGTTTCAAAGACAATTTCCAAGGTGACATTGATATTGCAAAGAACCTGGCTGTACTTAAGATACTTGCACCATCAGAGAGAGATGAAGGGTCTTACTACTGTGCCTGTGACACC
46,M23326|TRDV3*01|Homo sapiens|F|V-REGION|303..592|290 nt|1| | | | |290+0=290| | |,TGTGACAAAGTAACCCAGAGTTCCCCGGACCAGACGGTGGCGAGTGGCAGTGAGGTGGTACTGCTCTGCACTTACGACACTGTATATTCAAATCCAGATTTATTCTGGTACCGGATAAGGCCAGATTATTCCTTTCAGTTTGTCTTTTATGGGGATAACAGCAGATCAGAAGGTGCAGATTTTACTCAAGGACGGTTTTCTGTGAAACACATTCTGACCCAGAAAGCCTTTCACTTGGTGATCTCTCCAGTAAGGACTGAAGACAGTGCCACTTACTACTGTGCCTTTAG
